filename,sha256,file_size_bytes,domain,suitability_status,sequence_identity,variant_identity,parent_sequence_identity,derivation_type,source_family,width,height,frame_rate_rational,frame_rate_float,is_hfr,pixel_format,bit_depth,duration_seconds,dynamic_range_classification,is_hdr,is_wcg,selected_vmaf_model,model_compatibility,model_selection_reason,license,license_source,access_restrictions,exclusion_reason,relative_path
20161101_1048_SPARKS_DOVI_TEST_Scratch_Audio.mxf,6e3957dd78e727f9e1a95f6ee54941b19259275e281989e7367afff52bced5c3,66203519,Domain 3: HDR / WCG,not_applicable_hdr,sparks,sparks_scratch_audio_mxf,sparks,imf_audio_essence,Netflix Open Content / Sparks,,,,,False,,8,229.812917,hdr_general,True,False,,not_applicable,HDR content: outside SDR VMAF v1.0.16 model scope,Creative Commons Attribution 4.0 International (CC BY 4.0),Netflix Open Content License (CC BY 4.0),Attribution required,High Dynamic Range / Wide Color Gamut asset; segregated from SDR calibration,resource_videos/20170215_1430_SPARKS_4K_P3_PQ_4000nits_DoVi_LtRt_IMF/20161101_1048_SPARKS_DOVI_TEST_Scratch_Audio.mxf
20161103_1023_SPARKS_4K_P3_PQ_4000nits_DoVi.mxf,6d413dc18a778b5b7d216a2c4d0ca237513ace95d0bbac504f11ab052e87fcd5,46234035639,Domain 3: HDR / WCG,not_applicable_hdr,sparks,sparks_4k_p3_pq_4000nits_dovi_mxf,sparks,imf_video_essence,Netflix Open Content / Sparks,,,,,False,,8,,hdr_pq,True,False,,not_applicable,HDR content: outside SDR VMAF v1.0.16 model scope,Creative Commons Attribution 4.0 International (CC BY 4.0),Netflix Open Content License (CC BY 4.0),Attribution required,High Dynamic Range / Wide Color Gamut asset; segregated from SDR calibration,resource_videos/20170215_1430_SPARKS_4K_P3_PQ_4000nits_DoVi_LtRt_IMF/20161103_1023_SPARKS_4K_P3_PQ_4000nits_DoVi.mxf
ASSETMAP.xml,fea7d883825bdc597fdaada2e31e41f1f6f6d05f5d7bba1938fec376cf04a7ac,1232,excluded,excluded_documentation,ASSETMAP,ASSETMAP,ASSETMAP,unknown_file,Local / Project-Supplied (Unverified),,,,,False,,8,,sdr_standard,False,False,,unsupported,Missing stream geometry or frame-rate metadata,Proprietary / Internal,Unverified Local Asset,Internal use only,Non-media documentation file,resource_videos/20170215_1430_SPARKS_4K_P3_PQ_4000nits_DoVi_LtRt_IMF/ASSETMAP.xml
CPL_fb7e0add-cffb-4888-8d31-e45a12f6a8e4.xml,0e025e4da0ba23a258ce70fa06c017badc9f65c7404ea6603d9cb4750c158aea,10582,excluded,excluded_documentation,CPL_fb7e0add-cffb-4888-8d31-e45a12f6a8e4,CPL_fb7e0add-cffb-4888-8d31-e45a12f6a8e4,CPL_fb7e0add-cffb-4888-8d31-e45a12f6a8e4,unknown_file,Local / Project-Supplied (Unverified),,,,,False,,8,,sdr_standard,False,False,,unsupported,Missing stream geometry or frame-rate metadata,Proprietary / Internal,Unverified Local Asset,Internal use only,Non-media documentation file,resource_videos/20170215_1430_SPARKS_4K_P3_PQ_4000nits_DoVi_LtRt_IMF/CPL_fb7e0add-cffb-4888-8d31-e45a12f6a8e4.xml
OPL_75a08557-071c-4419-90d7-f30df4ae849a.xml,d0870952f9addffce400ea11d21f79f6d7cd80c87a3ede46d9e6818163db95ab,402,excluded,excluded_documentation,OPL_75a08557-071c-4419-90d7-f30df4ae849a,OPL_75a08557-071c-4419-90d7-f30df4ae849a,OPL_75a08557-071c-4419-90d7-f30df4ae849a,unknown_file,Local / Project-Supplied (Unverified),,,,,False,,8,,sdr_standard,False,False,,unsupported,Missing stream geometry or frame-rate metadata,Proprietary / Internal,Unverified Local Asset,Internal use only,Non-media documentation file,resource_videos/20170215_1430_SPARKS_4K_P3_PQ_4000nits_DoVi_LtRt_IMF/OPL_75a08557-071c-4419-90d7-f30df4ae849a.xml
PKL_e9c1d8e3-efdc-4779-9c59-5fb9dec9c107.xml,c06938cef9eea804b280ce9920505e9e8d7aff9a6f86d858f14661a27ea0deac,1127,excluded,excluded_documentation,PKL_e9c1d8e3-efdc-4779-9c59-5fb9dec9c107,PKL_e9c1d8e3-efdc-4779-9c59-5fb9dec9c107,PKL_e9c1d8e3-efdc-4779-9c59-5fb9dec9c107,unknown_file,Local / Project-Supplied (Unverified),,,,,False,,8,,sdr_standard,False,False,,unsupported,Missing stream geometry or frame-rate metadata,Proprietary / Internal,Unverified Local Asset,Internal use only,Non-media documentation file,resource_videos/20170215_1430_SPARKS_4K_P3_PQ_4000nits_DoVi_LtRt_IMF/PKL_e9c1d8e3-efdc-4779-9c59-5fb9dec9c107.xml
VOLINDEX.xml,96905c59f61ecfdf1493f26b8e5779e27e296457f510073171933439746d7e34,152,excluded,excluded_documentation,VOLINDEX,VOLINDEX,VOLINDEX,unknown_file,Local / Project-Supplied (Unverified),,,,,False,,8,,sdr_standard,False,False,,unsupported,Missing stream geometry or frame-rate metadata,Proprietary / Internal,Unverified Local Asset,Internal use only,Non-media documentation file,resource_videos/20170215_1430_SPARKS_4K_P3_PQ_4000nits_DoVi_LtRt_IMF/VOLINDEX.xml
akiyo_cif.y4m,0f7a1f997930217d601ab324b1428859fdb599dde8d33772a24bfe2803a9b067,45621044,Domain 2: Secondary / Legacy,secondary_domain,akiyo,akiyo_cif,akiyo,classic_sd_benchmark,Xiph/DERF Classic SD,352,288,30000/1001,29.97,False,yuv420p,8,10.01,sdr_standard,False,False,,secondary_domain,Legacy CIF/QCIF SD sequence: viewing assumptions materially differ from modern HD/UHD,Public Domain / Research Evaluation,ITU-T Legacy Test Sequence Collection,Research evaluation,Legacy CIF/QCIF SD sequence: viewing assumptions materially differ from modern HD/UHD,resource_videos/akiyo_cif.y4m
aspen_1080p.y4m,735fced2e320f82735f82762eaa5f6c50c667873d95ca95c94275abd5e970738,2363907467,Domain 1: Primary SDR,eligible_sdr_primary,aspen,aspen_1080p,aspen,source_master_1080p,NTIA/ITS HDTV,1920,1080,30000/1001,29.97,False,yuv422p,8,19.019,sdr_standard,False,False,vmaf_v1.0.16_3d0h,compatible,Native 1080p SDR standard (<50fps) (29.97 fps) matches official vmaf_v1.0.16_3d0h model,Public Domain (US Gov) / Research Use Only,NTIA/ITS Public Domain Media Terms,Non-commercial research use only,,resource_videos/aspen_1080p.y4m
bowing_cif.y4m,bfd282c4dfbe6b5ac93a014e97e7bd5104ed357a744879b75b414adb9e8069ec,45621044,Domain 2: Secondary / Legacy,secondary_domain,bowing,bowing_cif,bowing,classic_sd_benchmark,Xiph/DERF Classic SD,352,288,30000/1001,29.97,False,yuv420p,8,10.01,sdr_standard,False,False,,secondary_domain,Legacy CIF/QCIF SD sequence: viewing assumptions materially differ from modern HD/UHD,Public Domain / Research Evaluation,ITU-T Legacy Test Sequence Collection,Research evaluation,Legacy CIF/QCIF SD sequence: viewing assumptions materially differ from modern HD/UHD,resource_videos/bowing_cif.y4m
browsing.mp4,f46473a3cbfc3abd3fb2c9069ea7c3092c1d62b0fca2bdd8a328933767ffc12d,22975253,Domain 1: Primary SDR,eligible_sdr_primary,browsing,browsing_1080p60,browsing,local_screen_capture,Local / Project-Supplied,1920,1080,60/1,60.0,True,yuv420p,8,46.266,sdr_standard,False,False,vmaf_v1.0.16_hfr_3d0h,compatible,Native 1080p SDR HFR (>=50fps) (60.00 fps) matches official vmaf_v1.0.16_hfr_3d0h model,Proprietary / Internal Research Use Only,VeilFrame Project Local Source,Internal project evaluation only,,resource_videos/browsing.mp4
carphone_qcif.y4m,bd176aee36dd839dcec88671acc811c61f72ea45ee458afb82b35e8b92328aa9,14524448,Domain 2: Secondary / Legacy,secondary_domain,carphone,carphone_qcif,carphone,classic_sd_benchmark,Xiph/DERF Classic SD,176,144,30000/1001,29.97,False,yuv420p,8,12.746067,sdr_standard,False,False,,secondary_domain,Legacy CIF/QCIF SD sequence: viewing assumptions materially differ from modern HD/UHD,Public Domain / Research Evaluation,ITU-T Legacy Test Sequence Collection,Research evaluation,Legacy CIF/QCIF SD sequence: viewing assumptions materially differ from modern HD/UHD,resource_videos/carphone_qcif.y4m
Chimera_DCI4k5994p_HDR_P3PQ.mp4,34bd0f5936c93fe236e6bc382cc1e4898da2118a73f6d892b370ef76434005b9,10913501217,Domain 3: HDR / WCG,not_applicable_hdr,chimera,chimera_monolith_dci4k5994p_hdr_p3pq,chimera,monolith_master,Netflix Open Content,4096,2160,60000/1001,59.9401,True,yuv420p,8,1850.765583,hdr_pq,True,False,,not_applicable,HDR content: outside SDR VMAF v1.0.16 model scope,Creative Commons Attribution 4.0 International (CC BY 4.0),Netflix Open Content License (CC BY 4.0),Attribution required,High Dynamic Range / Wide Color Gamut asset; segregated from SDR calibration,resource_videos/Chimera_DCI4k5994p_HDR_P3PQ.mp4
chimera_ep01_bar_scene.mp4,7aa6a40ab7dc32708f87607c07c74d7d1bcf20bd26e11b4059bbafc4da1fdad5,202688747,Domain 3: HDR / WCG,not_applicable_hdr,chimera,chimera_ep01_bar_scene,chimera,episode_clip,Netflix Open Content,4096,2160,60000/1001,59.9401,True,yuv420p,8,42.075367,hdr_general,True,False,,not_applicable,HDR content: outside SDR VMAF v1.0.16 model scope,Creative Commons Attribution 4.0 International (CC BY 4.0),Netflix Open Content Terms,Attribution required,High Dynamic Range / Wide Color Gamut asset; segregated from SDR calibration,resource_videos/chimera_episodes/chimera_ep01_bar_scene.mp4
chimera_ep06_rollercoaster_sequence.mp4,0b748f2ff0ca5797ba0c118c801f4cf9fcf46c4cf8ed200319b87f9f939d66fc,1458143594,Domain 3: HDR / WCG,not_applicable_hdr,chimera,chimera_ep06_rollercoaster_sequence,chimera,episode_clip,Netflix Open Content,4096,2160,60000/1001,59.9401,True,yuv420p,8,70.103367,hdr_general,True,False,,not_applicable,HDR content: outside SDR VMAF v1.0.16 model scope,Creative Commons Attribution 4.0 International (CC BY 4.0),Netflix Open Content Terms,Attribution required,High Dynamic Range / Wide Color Gamut asset; segregated from SDR calibration,resource_videos/chimera_episodes/chimera_ep06_rollercoaster_sequence.mp4
chimera_ep10_netflix_card_twirl.mp4,2eb0f817a92b7f1de60f2beec40f07e7cef04d3c8d3d715ee83fc5da86ae296d,382897560,Domain 3: HDR / WCG,not_applicable_hdr,chimera,chimera_ep10_netflix_card_twirl,chimera,episode_clip,Netflix Open Content,4096,2160,60000/1001,59.9401,True,yuv420p,8,77.110367,hdr_general,True,False,,not_applicable,HDR content: outside SDR VMAF v1.0.16 model scope,Creative Commons Attribution 4.0 International (CC BY 4.0),Netflix Open Content Terms,Attribution required,High Dynamic Range / Wide Color Gamut asset; segregated from SDR calibration,resource_videos/chimera_episodes/chimera_ep10_netflix_card_twirl.mp4
chimera_ep22_basketball_free_throws.mp4,45e15bef84c43f4c7a8390c5f754f10f22feede71ab60fc5e12202cce792e641,63996830,Domain 3: HDR / WCG,not_applicable_hdr,chimera,chimera_ep22_basketball_free_throws,chimera,episode_clip,Netflix Open Content,4096,2160,60000/1001,59.9401,True,yuv420p,8,20.08675,hdr_general,True,False,,not_applicable,HDR content: outside SDR VMAF v1.0.16 model scope,Creative Commons Attribution 4.0 International (CC BY 4.0),Netflix Open Content Terms,Attribution required,High Dynamic Range / Wide Color Gamut asset; segregated from SDR calibration,resource_videos/chimera_episodes/chimera_ep22_basketball_free_throws.mp4
deadline_cif.y4m,4498852bf8f18d0c56957a4eff9611e3a851bfa9087e6ac8efffdadf2d02b964,208944224,Domain 2: Secondary / Legacy,secondary_domain,deadline,deadline_cif,deadline,classic_sd_benchmark,Xiph/DERF Classic SD,352,288,30000/1001,29.97,False,yuv420p,8,45.8458,sdr_standard,False,False,,secondary_domain,Legacy CIF/QCIF SD sequence: viewing assumptions materially differ from modern HD/UHD,Public Domain / Research Evaluation,ITU-T Legacy Test Sequence Collection,Research evaluation,Legacy CIF/QCIF SD sequence: viewing assumptions materially differ from modern HD/UHD,resource_videos/deadline_cif.y4m
ducks_take_off_1080p50.y4m,029122d1749339df5eb72e465befe264ad782dd4ce1b4cfde283219283ed5a0f,1555203036,Domain 1: Primary SDR,eligible_sdr_primary,ducks_take_off,ducks_take_off_1080p50,ducks_take_off,source_master_1080p50,SVT High Definition Multi Format Test Set,1920,1080,50/1,50.0,True,yuv420p,8,10.0,sdr_standard,False,False,vmaf_v1.0.16_hfr_3d0h,compatible,Native 1080p SDR HFR (>=50fps) (50.00 fps) matches official vmaf_v1.0.16_hfr_3d0h model,SVT Research Test Set License,SVT Open Test Set Terms,Non-commercial research use only,,resource_videos/ducks_take_off_1080p50.y4m
flower_cif.y4m,26c7934b77186836a39db113e8011e841bd593e37295efb98a38915b24aa2b8e,38017544,Domain 2: Secondary / Legacy,secondary_domain,flower,flower_cif,flower,classic_sd_benchmark,Xiph/DERF Classic SD,352,288,30000/1001,29.97,False,yuv420p,8,8.341667,sdr_standard,False,False,,secondary_domain,Legacy CIF/QCIF SD sequence: viewing assumptions materially differ from modern HD/UHD,Public Domain / Research Evaluation,ITU-T Legacy Test Sequence Collection,Research evaluation,Legacy CIF/QCIF SD sequence: viewing assumptions materially differ from modern HD/UHD,resource_videos/flower_cif.y4m
FourPeople_1280x720_60.y4m,c8877dab4220847942eba4ab57ac36b4a0509694d25c42fe67a641ddbfa5cfe8,830826065,Domain 2: Secondary / Legacy,secondary_domain,four_people,four_people_720p60,four_people,source_master_720p60,Vidyo / FourPeople,1280,720,60/1,60.0,True,yuv420p,8,10.016667,sdr_standard,False,False,,secondary_domain,720p resolution: 1080p 3H viewing model not established for native 720p display,Public Domain / Research Evaluation,ITU-T Recommendation Test Collection,Research evaluation,720p resolution: 1080p 3H viewing model not established for native 720p display,resource_videos/FourPeople_1280x720_60.y4m
zebra_L10_G48.mp4,497313022f8b773cb21a11a85b20ff9e4256c732e0d5d10cfe69b466839ef24e,20464686,Domain 4: Sensor / Illumination,sensor_domain,hue_controlled,hue_zebra_L10_G48_30fps,hue_controlled,sensor_video_render,HUE_Controlled Sensor Dataset,1456,1088,30/1,30.0,False,yuv420p,8,7.133333,sdr_standard,False,False,,unsupported,Resolution 1456x1088 does not map to 1080p or 2160p VMAF domain,Research Dataset License,Event Camera Research Terms,Research evaluation only,Controlled illumination event-camera sensor dataset; segregated from primary SDR video calibration,resource_videos/HUE_Controlled/videos/zebra_L10_G48.mp4
zebra_L1_G10.mp4,fbdc3c33db47ad491c4aacfe481f4c3af2eea7483841f16bf838f017e99d3881,602505,Domain 4: Sensor / Illumination,sensor_domain,hue_controlled,hue_zebra_L1_G10_30fps,hue_controlled,sensor_video_render,HUE_Controlled Sensor Dataset,1456,1088,30/1,30.0,False,yuv420p,8,6.0,sdr_standard,False,False,,unsupported,Resolution 1456x1088 does not map to 1080p or 2160p VMAF domain,Research Dataset License,Event Camera Research Terms,Research evaluation only,Controlled illumination event-camera sensor dataset; segregated from primary SDR video calibration,resource_videos/HUE_Controlled/videos/zebra_L1_G10.mp4
zebra_L1_G6.mp4,dce8b1b615dfece12188eca0663a1c494dff000a1c32a36de7cc27eb883f472a,648932,Domain 4: Sensor / Illumination,sensor_domain,hue_controlled,hue_zebra_L1_G6_30fps,hue_controlled,sensor_video_render,HUE_Controlled Sensor Dataset,1456,1088,30/1,30.0,False,yuv420p,8,8.9,sdr_standard,False,False,,unsupported,Resolution 1456x1088 does not map to 1080p or 2160p VMAF domain,Research Dataset License,Event Camera Research Terms,Research evaluation only,Controlled illumination event-camera sensor dataset; segregated from primary SDR video calibration,resource_videos/HUE_Controlled/videos/zebra_L1_G6.mp4
zebra_L2_G12.mp4,53b1be3e331bcb32e57125173ebc5b126e2aebdb4ba79cb1c1a5da7e3ece5131,459178,Domain 4: Sensor / Illumination,sensor_domain,hue_controlled,hue_zebra_L2_G12_30fps,hue_controlled,sensor_video_render,HUE_Controlled Sensor Dataset,1456,1088,30/1,30.0,False,yuv420p,8,5.9,sdr_standard,False,False,,unsupported,Resolution 1456x1088 does not map to 1080p or 2160p VMAF domain,Research Dataset License,Event Camera Research Terms,Research evaluation only,Controlled illumination event-camera sensor dataset; segregated from primary SDR video calibration,resource_videos/HUE_Controlled/videos/zebra_L2_G12.mp4
zebra_L2_G16.mp4,467825ffa0d705d09188f94eb4470e2e8c84768663ba6b952fd24fb3df1dc09b,1154739,Domain 4: Sensor / Illumination,sensor_domain,hue_controlled,hue_zebra_L2_G16_30fps,hue_controlled,sensor_video_render,HUE_Controlled Sensor Dataset,1456,1088,30/1,30.0,False,yuv420p,8,8.566667,sdr_standard,False,False,,unsupported,Resolution 1456x1088 does not map to 1080p or 2160p VMAF domain,Research Dataset License,Event Camera Research Terms,Research evaluation only,Controlled illumination event-camera sensor dataset; segregated from primary SDR video calibration,resource_videos/HUE_Controlled/videos/zebra_L2_G16.mp4
zebra_L3_G19.mp4,9c783b7d23329e1c37d31ceeec804ce5ad77e40d99106fb90cb264513a486a5f,692510,Domain 4: Sensor / Illumination,sensor_domain,hue_controlled,hue_zebra_L3_G19_30fps,hue_controlled,sensor_video_render,HUE_Controlled Sensor Dataset,1456,1088,30/1,30.0,False,yuv420p,8,4.966667,sdr_standard,False,False,,unsupported,Resolution 1456x1088 does not map to 1080p or 2160p VMAF domain,Research Dataset License,Event Camera Research Terms,Research evaluation only,Controlled illumination event-camera sensor dataset; segregated from primary SDR video calibration,resource_videos/HUE_Controlled/videos/zebra_L3_G19.mp4
zebra_L3_G23.mp4,7d44f91cd84f905af2129c2db5d45471c59c1b4e2ae29ee146089b95d2169e7c,2497574,Domain 4: Sensor / Illumination,sensor_domain,hue_controlled,hue_zebra_L3_G23_30fps,hue_controlled,sensor_video_render,HUE_Controlled Sensor Dataset,1456,1088,30/1,30.0,False,yuv420p,8,6.4,sdr_standard,False,False,,unsupported,Resolution 1456x1088 does not map to 1080p or 2160p VMAF domain,Research Dataset License,Event Camera Research Terms,Research evaluation only,Controlled illumination event-camera sensor dataset; segregated from primary SDR video calibration,resource_videos/HUE_Controlled/videos/zebra_L3_G23.mp4
zebra_L4_G22.mp4,5e7e7f2eada2f5766787973f601f62e251717dddeb333555e174dd18232af14a,772097,Domain 4: Sensor / Illumination,sensor_domain,hue_controlled,hue_zebra_L4_G22_30fps,hue_controlled,sensor_video_render,HUE_Controlled Sensor Dataset,1456,1088,30/1,30.0,False,yuv420p,8,6.0,sdr_standard,False,False,,unsupported,Resolution 1456x1088 does not map to 1080p or 2160p VMAF domain,Research Dataset License,Event Camera Research Terms,Research evaluation only,Controlled illumination event-camera sensor dataset; segregated from primary SDR video calibration,resource_videos/HUE_Controlled/videos/zebra_L4_G22.mp4
zebra_L4_G27.mp4,77477b91d99ae782fee7c11265bc447701f59665c2a85a512f9ccdfd100ed118,5171299,Domain 4: Sensor / Illumination,sensor_domain,hue_controlled,hue_zebra_L4_G27_30fps,hue_controlled,sensor_video_render,HUE_Controlled Sensor Dataset,1456,1088,30/1,30.0,False,yuv420p,8,6.2,sdr_standard,False,False,,unsupported,Resolution 1456x1088 does not map to 1080p or 2160p VMAF domain,Research Dataset License,Event Camera Research Terms,Research evaluation only,Controlled illumination event-camera sensor dataset; segregated from primary SDR video calibration,resource_videos/HUE_Controlled/videos/zebra_L4_G27.mp4
zebra_L5_G29.mp4,da6fa11e8f6bdc959d1210015067ed30add1421584e8517bdbcaf235285bf2e7,3064457,Domain 4: Sensor / Illumination,sensor_domain,hue_controlled,hue_zebra_L5_G29_30fps,hue_controlled,sensor_video_render,HUE_Controlled Sensor Dataset,1456,1088,30/1,30.0,False,yuv420p,8,5.7,sdr_standard,False,False,,unsupported,Resolution 1456x1088 does not map to 1080p or 2160p VMAF domain,Research Dataset License,Event Camera Research Terms,Research evaluation only,Controlled illumination event-camera sensor dataset; segregated from primary SDR video calibration,resource_videos/HUE_Controlled/videos/zebra_L5_G29.mp4
zebra_L5_G34.mp4,e688bf530beea155a1517e065a87dd7b493d1c88efab752c9f70fb29e8002cf1,16014619,Domain 4: Sensor / Illumination,sensor_domain,hue_controlled,hue_zebra_L5_G34_30fps,hue_controlled,sensor_video_render,HUE_Controlled Sensor Dataset,1456,1088,30/1,30.0,False,yuv420p,8,6.466667,sdr_standard,False,False,,unsupported,Resolution 1456x1088 does not map to 1080p or 2160p VMAF domain,Research Dataset License,Event Camera Research Terms,Research evaluation only,Controlled illumination event-camera sensor dataset; segregated from primary SDR video calibration,resource_videos/HUE_Controlled/videos/zebra_L5_G34.mp4
zebra_L6_G35.mp4,1226a0e1a2e98e9f5713e574410a1582fcdd010a73b81172f4cfcc5755729097,8721588,Domain 4: Sensor / Illumination,sensor_domain,hue_controlled,hue_zebra_L6_G35_30fps,hue_controlled,sensor_video_render,HUE_Controlled Sensor Dataset,1456,1088,30/1,30.0,False,yuv420p,8,4.866667,sdr_standard,False,False,,unsupported,Resolution 1456x1088 does not map to 1080p or 2160p VMAF domain,Research Dataset License,Event Camera Research Terms,Research evaluation only,Controlled illumination event-camera sensor dataset; segregated from primary SDR video calibration,resource_videos/HUE_Controlled/videos/zebra_L6_G35.mp4
zebra_L6_G39.mp4,5ac8f9dd6511b510472b61e002b075b92a61900276cab96a2cc4db42be8d438f,29627713,Domain 4: Sensor / Illumination,sensor_domain,hue_controlled,hue_zebra_L6_G39_30fps,hue_controlled,sensor_video_render,HUE_Controlled Sensor Dataset,1456,1088,30/1,30.0,False,yuv420p,8,7.4,sdr_standard,False,False,,unsupported,Resolution 1456x1088 does not map to 1080p or 2160p VMAF domain,Research Dataset License,Event Camera Research Terms,Research evaluation only,Controlled illumination event-camera sensor dataset; segregated from primary SDR video calibration,resource_videos/HUE_Controlled/videos/zebra_L6_G39.mp4
zebra_L7_G42.mp4,ab8224ea8969f644e6c633ad8df0655f7bfb6b8dbd40245f7014786acc90bdc4,22629556,Domain 4: Sensor / Illumination,sensor_domain,hue_controlled,hue_zebra_L7_G42_30fps,hue_controlled,sensor_video_render,HUE_Controlled Sensor Dataset,1456,1088,30/1,30.0,False,yuv420p,8,6.133333,sdr_standard,False,False,,unsupported,Resolution 1456x1088 does not map to 1080p or 2160p VMAF domain,Research Dataset License,Event Camera Research Terms,Research evaluation only,Controlled illumination event-camera sensor dataset; segregated from primary SDR video calibration,resource_videos/HUE_Controlled/videos/zebra_L7_G42.mp4
zebra_L7_G46.mp4,faae15fc448fe39e935f3d6ac79dc045f1eb95160bfe34ed9d1111bd99c93a46,43190548,Domain 4: Sensor / Illumination,sensor_domain,hue_controlled,hue_zebra_L7_G46_30fps,hue_controlled,sensor_video_render,HUE_Controlled Sensor Dataset,1456,1088,30/1,30.0,False,yuv420p,8,5.733333,sdr_standard,False,False,,unsupported,Resolution 1456x1088 does not map to 1080p or 2160p VMAF domain,Research Dataset License,Event Camera Research Terms,Research evaluation only,Controlled illumination event-camera sensor dataset; segregated from primary SDR video calibration,resource_videos/HUE_Controlled/videos/zebra_L7_G46.mp4
zebra_L8_G48.mp4,b767c658cc5a09aeec11520678926da7691b2425316b681d93a867524260dc42,29389327,Domain 4: Sensor / Illumination,sensor_domain,hue_controlled,hue_zebra_L8_G48_30fps,hue_controlled,sensor_video_render,HUE_Controlled Sensor Dataset,1456,1088,30/1,30.0,False,yuv420p,8,5.466667,sdr_standard,False,False,,unsupported,Resolution 1456x1088 does not map to 1080p or 2160p VMAF domain,Research Dataset License,Event Camera Research Terms,Research evaluation only,Controlled illumination event-camera sensor dataset; segregated from primary SDR video calibration,resource_videos/HUE_Controlled/videos/zebra_L8_G48.mp4
zebra_L9_G48.mp4,c979c6aee42a7ea9ad8edbf86e84be8ff2e37cf6885775df12d93cc117eb4e95,21847488,Domain 4: Sensor / Illumination,sensor_domain,hue_controlled,hue_zebra_L9_G48_30fps,hue_controlled,sensor_video_render,HUE_Controlled Sensor Dataset,1456,1088,30/1,30.0,False,yuv420p,8,5.466667,sdr_standard,False,False,,unsupported,Resolution 1456x1088 does not map to 1080p or 2160p VMAF domain,Research Dataset License,Event Camera Research Terms,Research evaluation only,Controlled illumination event-camera sensor dataset; segregated from primary SDR video calibration,resource_videos/HUE_Controlled/videos/zebra_L9_G48.mp4
event_camera_params.json,627d502a32815bf77e03e35cb900b310b41a611397df918a892d29a73fd16dd0,744,Domain 4: Sensor / Illumination,sensor_domain,event_camera_params,event_camera_params,event_camera_params,unknown_file,Local / Project-Supplied (Unverified),,,,,False,,8,,sdr_standard,False,False,,unsupported,Missing stream geometry or frame-rate metadata,Proprietary / Internal,Unverified Local Asset,Internal use only,Controlled illumination event-camera sensor dataset; segregated from primary SDR video calibration,resource_videos/HUE_Controlled/zebra_L10_G48/event_camera_params.json
frame_camera_params.xml,8db33e0a904595f967a7a2fa233bef84b20c812e519ac21d54e0f414ff8bfa27,115093,excluded,excluded_documentation,frame_camera_params,frame_camera_params,frame_camera_params,unknown_file,Local / Project-Supplied (Unverified),,,,,False,,8,,sdr_standard,False,False,,unsupported,Missing stream geometry or frame-rate metadata,Proprietary / Internal,Unverified Local Asset,Internal use only,Non-media documentation file,resource_videos/HUE_Controlled/zebra_L10_G48/frame_camera_params.xml
lux_values.txt,505b351e172e939b7d0c4ed72ecb80b71d628e3694c1cf0050d1dfbfddff45d4,461,excluded,excluded_documentation,lux_values,lux_values,lux_values,unknown_file,Local / Project-Supplied (Unverified),,,,,False,,8,,sdr_standard,False,False,,unsupported,Missing stream geometry or frame-rate metadata,Proprietary / Internal,Unverified Local Asset,Internal use only,Non-media documentation file,resource_videos/HUE_Controlled/zebra_L10_G48/lux_values.txt
metadata.json,686d706762c1efc51c4456bb7a081cedf2ed8dad262ad94de3ed4ca5f6ea79c0,34,Domain 4: Sensor / Illumination,sensor_domain,metadata,metadata,metadata,unknown_file,Local / Project-Supplied (Unverified),,,,,False,,8,,sdr_standard,False,False,,unsupported,Missing stream geometry or frame-rate metadata,Proprietary / Internal,Unverified Local Asset,Internal use only,Controlled illumination event-camera sensor dataset; segregated from primary SDR video calibration,resource_videos/HUE_Controlled/zebra_L10_G48/metadata.json
event_camera_params.json,627d502a32815bf77e03e35cb900b310b41a611397df918a892d29a73fd16dd0,744,Domain 4: Sensor / Illumination,sensor_domain,event_camera_params,event_camera_params,event_camera_params,unknown_file,Local / Project-Supplied (Unverified),,,,,False,,8,,sdr_standard,False,False,,unsupported,Missing stream geometry or frame-rate metadata,Proprietary / Internal,Unverified Local Asset,Internal use only,Controlled illumination event-camera sensor dataset; segregated from primary SDR video calibration,resource_videos/HUE_Controlled/zebra_L1_G10/event_camera_params.json
frame_camera_params.xml,d4f33116e57bdd12482b1546ac6e1e0e907ac4fec5918a216502c31693488de7,115095,excluded,excluded_documentation,frame_camera_params,frame_camera_params,frame_camera_params,unknown_file,Local / Project-Supplied (Unverified),,,,,False,,8,,sdr_standard,False,False,,unsupported,Missing stream geometry or frame-rate metadata,Proprietary / Internal,Unverified Local Asset,Internal use only,Non-media documentation file,resource_videos/HUE_Controlled/zebra_L1_G10/frame_camera_params.xml
lux_values.txt,de048bf8d727a045bd8fa0ad2f71e0d784e0147ecd75c7dc6b12440eca6b5c4c,360,excluded,excluded_documentation,lux_values,lux_values,lux_values,unknown_file,Local / Project-Supplied (Unverified),,,,,False,,8,,sdr_standard,False,False,,unsupported,Missing stream geometry or frame-rate metadata,Proprietary / Internal,Unverified Local Asset,Internal use only,Non-media documentation file,resource_videos/HUE_Controlled/zebra_L1_G10/lux_values.txt
metadata.json,686d706762c1efc51c4456bb7a081cedf2ed8dad262ad94de3ed4ca5f6ea79c0,34,Domain 4: Sensor / Illumination,sensor_domain,metadata,metadata,metadata,unknown_file,Local / Project-Supplied (Unverified),,,,,False,,8,,sdr_standard,False,False,,unsupported,Missing stream geometry or frame-rate metadata,Proprietary / Internal,Unverified Local Asset,Internal use only,Controlled illumination event-camera sensor dataset; segregated from primary SDR video calibration,resource_videos/HUE_Controlled/zebra_L1_G10/metadata.json
event_camera_params.json,627d502a32815bf77e03e35cb900b310b41a611397df918a892d29a73fd16dd0,744,Domain 4: Sensor / Illumination,sensor_domain,event_camera_params,event_camera_params,event_camera_params,unknown_file,Local / Project-Supplied (Unverified),,,,,False,,8,,sdr_standard,False,False,,unsupported,Missing stream geometry or frame-rate metadata,Proprietary / Internal,Unverified Local Asset,Internal use only,Controlled illumination event-camera sensor dataset; segregated from primary SDR video calibration,resource_videos/HUE_Controlled/zebra_L1_G6/event_camera_params.json
frame_camera_params.xml,33252cffc985def1079fe0a1701ae81a9c576403b3c3f8c81701e92c43ce4e61,115092,excluded,excluded_documentation,frame_camera_params,frame_camera_params,frame_camera_params,unknown_file,Local / Project-Supplied (Unverified),,,,,False,,8,,sdr_standard,False,False,,unsupported,Missing stream geometry or frame-rate metadata,Proprietary / Internal,Unverified Local Asset,Internal use only,Non-media documentation file,resource_videos/HUE_Controlled/zebra_L1_G6/frame_camera_params.xml
lux_values.txt,7932b8a1c837b39db1bcb41995abb734c8b9ccc2418dc561223adb398e855766,534,excluded,excluded_documentation,lux_values,lux_values,lux_values,unknown_file,Local / Project-Supplied (Unverified),,,,,False,,8,,sdr_standard,False,False,,unsupported,Missing stream geometry or frame-rate metadata,Proprietary / Internal,Unverified Local Asset,Internal use only,Non-media documentation file,resource_videos/HUE_Controlled/zebra_L1_G6/lux_values.txt
metadata.json,686d706762c1efc51c4456bb7a081cedf2ed8dad262ad94de3ed4ca5f6ea79c0,34,Domain 4: Sensor / Illumination,sensor_domain,metadata,metadata,metadata,unknown_file,Local / Project-Supplied (Unverified),,,,,False,,8,,sdr_standard,False,False,,unsupported,Missing stream geometry or frame-rate metadata,Proprietary / Internal,Unverified Local Asset,Internal use only,Controlled illumination event-camera sensor dataset; segregated from primary SDR video calibration,resource_videos/HUE_Controlled/zebra_L1_G6/metadata.json
event_camera_params.json,627d502a32815bf77e03e35cb900b310b41a611397df918a892d29a73fd16dd0,744,Domain 4: Sensor / Illumination,sensor_domain,event_camera_params,event_camera_params,event_camera_params,unknown_file,Local / Project-Supplied (Unverified),,,,,False,,8,,sdr_standard,False,False,,unsupported,Missing stream geometry or frame-rate metadata,Proprietary / Internal,Unverified Local Asset,Internal use only,Controlled illumination event-camera sensor dataset; segregated from primary SDR video calibration,resource_videos/HUE_Controlled/zebra_L2_G12/event_camera_params.json
frame_camera_params.xml,1b604d58ade3df18b130be530cbf25439edc62e64224894034d3ce787c025148,115095,excluded,excluded_documentation,frame_camera_params,frame_camera_params,frame_camera_params,unknown_file,Local / Project-Supplied (Unverified),,,,,False,,8,,sdr_standard,False,False,,unsupported,Missing stream geometry or frame-rate metadata,Proprietary / Internal,Unverified Local Asset,Internal use only,Non-media documentation file,resource_videos/HUE_Controlled/zebra_L2_G12/frame_camera_params.xml
lux_values.txt,b21d4253bf28ae906e76b6e0f08a98a42e257d18f27909c62c33150c49b80fdb,354,excluded,excluded_documentation,lux_values,lux_values,lux_values,unknown_file,Local / Project-Supplied (Unverified),,,,,False,,8,,sdr_standard,False,False,,unsupported,Missing stream geometry or frame-rate metadata,Proprietary / Internal,Unverified Local Asset,Internal use only,Non-media documentation file,resource_videos/HUE_Controlled/zebra_L2_G12/lux_values.txt
metadata.json,686d706762c1efc51c4456bb7a081cedf2ed8dad262ad94de3ed4ca5f6ea79c0,34,Domain 4: Sensor / Illumination,sensor_domain,metadata,metadata,metadata,unknown_file,Local / Project-Supplied (Unverified),,,,,False,,8,,sdr_standard,False,False,,unsupported,Missing stream geometry or frame-rate metadata,Proprietary / Internal,Unverified Local Asset,Internal use only,Controlled illumination event-camera sensor dataset; segregated from primary SDR video calibration,resource_videos/HUE_Controlled/zebra_L2_G12/metadata.json
event_camera_params.json,627d502a32815bf77e03e35cb900b310b41a611397df918a892d29a73fd16dd0,744,Domain 4: Sensor / Illumination,sensor_domain,event_camera_params,event_camera_params,event_camera_params,unknown_file,Local / Project-Supplied (Unverified),,,,,False,,8,,sdr_standard,False,False,,unsupported,Missing stream geometry or frame-rate metadata,Proprietary / Internal,Unverified Local Asset,Internal use only,Controlled illumination event-camera sensor dataset; segregated from primary SDR video calibration,resource_videos/HUE_Controlled/zebra_L2_G16/event_camera_params.json
frame_camera_params.xml,3ba3d5c695a1effcd3eb9273255a5c5300eef1a7ab85459f15742716e4b2e875,115093,excluded,excluded_documentation,frame_camera_params,frame_camera_params,frame_camera_params,unknown_file,Local / Project-Supplied (Unverified),,,,,False,,8,,sdr_standard,False,False,,unsupported,Missing stream geometry or frame-rate metadata,Proprietary / Internal,Unverified Local Asset,Internal use only,Non-media documentation file,resource_videos/HUE_Controlled/zebra_L2_G16/frame_camera_params.xml
lux_values.txt,c22e3427a04c05579f14ddbe4d19c2124d291d94cb560a903e4ea045cc3e92e5,514,excluded,excluded_documentation,lux_values,lux_values,lux_values,unknown_file,Local / Project-Supplied (Unverified),,,,,False,,8,,sdr_standard,False,False,,unsupported,Missing stream geometry or frame-rate metadata,Proprietary / Internal,Unverified Local Asset,Internal use only,Non-media documentation file,resource_videos/HUE_Controlled/zebra_L2_G16/lux_values.txt
metadata.json,686d706762c1efc51c4456bb7a081cedf2ed8dad262ad94de3ed4ca5f6ea79c0,34,Domain 4: Sensor / Illumination,sensor_domain,metadata,metadata,metadata,unknown_file,Local / Project-Supplied (Unverified),,,,,False,,8,,sdr_standard,False,False,,unsupported,Missing stream geometry or frame-rate metadata,Proprietary / Internal,Unverified Local Asset,Internal use only,Controlled illumination event-camera sensor dataset; segregated from primary SDR video calibration,resource_videos/HUE_Controlled/zebra_L2_G16/metadata.json
event_camera_params.json,627d502a32815bf77e03e35cb900b310b41a611397df918a892d29a73fd16dd0,744,Domain 4: Sensor / Illumination,sensor_domain,event_camera_params,event_camera_params,event_camera_params,unknown_file,Local / Project-Supplied (Unverified),,,,,False,,8,,sdr_standard,False,False,,unsupported,Missing stream geometry or frame-rate metadata,Proprietary / Internal,Unverified Local Asset,Internal use only,Controlled illumination event-camera sensor dataset; segregated from primary SDR video calibration,resource_videos/HUE_Controlled/zebra_L3_G19/event_camera_params.json
frame_camera_params.xml,48c4aa8993f89e648c9d33abe377c432955b5c06bb57398cd990b9e7148d4e38,115095,excluded,excluded_documentation,frame_camera_params,frame_camera_params,frame_camera_params,unknown_file,Local / Project-Supplied (Unverified),,,,,False,,8,,sdr_standard,False,False,,unsupported,Missing stream geometry or frame-rate metadata,Proprietary / Internal,Unverified Local Asset,Internal use only,Non-media documentation file,resource_videos/HUE_Controlled/zebra_L3_G19/frame_camera_params.xml
lux_values.txt,4ab69c1dccde1347bc1a6cfd3dc73ae86e6e81f1dea8e41867002f6382c1f841,298,excluded,excluded_documentation,lux_values,lux_values,lux_values,unknown_file,Local / Project-Supplied (Unverified),,,,,False,,8,,sdr_standard,False,False,,unsupported,Missing stream geometry or frame-rate metadata,Proprietary / Internal,Unverified Local Asset,Internal use only,Non-media documentation file,resource_videos/HUE_Controlled/zebra_L3_G19/lux_values.txt
metadata.json,686d706762c1efc51c4456bb7a081cedf2ed8dad262ad94de3ed4ca5f6ea79c0,34,Domain 4: Sensor / Illumination,sensor_domain,metadata,metadata,metadata,unknown_file,Local / Project-Supplied (Unverified),,,,,False,,8,,sdr_standard,False,False,,unsupported,Missing stream geometry or frame-rate metadata,Proprietary / Internal,Unverified Local Asset,Internal use only,Controlled illumination event-camera sensor dataset; segregated from primary SDR video calibration,resource_videos/HUE_Controlled/zebra_L3_G19/metadata.json
event_camera_params.json,627d502a32815bf77e03e35cb900b310b41a611397df918a892d29a73fd16dd0,744,Domain 4: Sensor / Illumination,sensor_domain,event_camera_params,event_camera_params,event_camera_params,unknown_file,Local / Project-Supplied (Unverified),,,,,False,,8,,sdr_standard,False,False,,unsupported,Missing stream geometry or frame-rate metadata,Proprietary / Internal,Unverified Local Asset,Internal use only,Controlled illumination event-camera sensor dataset; segregated from primary SDR video calibration,resource_videos/HUE_Controlled/zebra_L3_G23/event_camera_params.json
frame_camera_params.xml,f4ce3f4bedde53ec3ecdb521df4980abcdbdb719766592051dac2806aa3e41c5,115095,excluded,excluded_documentation,frame_camera_params,frame_camera_params,frame_camera_params,unknown_file,Local / Project-Supplied (Unverified),,,,,False,,8,,sdr_standard,False,False,,unsupported,Missing stream geometry or frame-rate metadata,Proprietary / Internal,Unverified Local Asset,Internal use only,Non-media documentation file,resource_videos/HUE_Controlled/zebra_L3_G23/frame_camera_params.xml
lux_values.txt,eaa5bc65d0efb5b4f1580c051a198b772ab41548be9fd4c3307794ad2e533ada,384,excluded,excluded_documentation,lux_values,lux_values,lux_values,unknown_file,Local / Project-Supplied (Unverified),,,,,False,,8,,sdr_standard,False,False,,unsupported,Missing stream geometry or frame-rate metadata,Proprietary / Internal,Unverified Local Asset,Internal use only,Non-media documentation file,resource_videos/HUE_Controlled/zebra_L3_G23/lux_values.txt
metadata.json,686d706762c1efc51c4456bb7a081cedf2ed8dad262ad94de3ed4ca5f6ea79c0,34,Domain 4: Sensor / Illumination,sensor_domain,metadata,metadata,metadata,unknown_file,Local / Project-Supplied (Unverified),,,,,False,,8,,sdr_standard,False,False,,unsupported,Missing stream geometry or frame-rate metadata,Proprietary / Internal,Unverified Local Asset,Internal use only,Controlled illumination event-camera sensor dataset; segregated from primary SDR video calibration,resource_videos/HUE_Controlled/zebra_L3_G23/metadata.json
event_camera_params.json,627d502a32815bf77e03e35cb900b310b41a611397df918a892d29a73fd16dd0,744,Domain 4: Sensor / Illumination,sensor_domain,event_camera_params,event_camera_params,event_camera_params,unknown_file,Local / Project-Supplied (Unverified),,,,,False,,8,,sdr_standard,False,False,,unsupported,Missing stream geometry or frame-rate metadata,Proprietary / Internal,Unverified Local Asset,Internal use only,Controlled illumination event-camera sensor dataset; segregated from primary SDR video calibration,resource_videos/HUE_Controlled/zebra_L4_G22/event_camera_params.json
frame_camera_params.xml,e678fe98a2de0ca1e78e199d66ed184860c5aa781be4fcf7a5ae4d62e6bd5568,115095,excluded,excluded_documentation,frame_camera_params,frame_camera_params,frame_camera_params,unknown_file,Local / Project-Supplied (Unverified),,,,,False,,8,,sdr_standard,False,False,,unsupported,Missing stream geometry or frame-rate metadata,Proprietary / Internal,Unverified Local Asset,Internal use only,Non-media documentation file,resource_videos/HUE_Controlled/zebra_L4_G22/frame_camera_params.xml
lux_values.txt,16a60f2888d22d692c1a6ab7aab07b5c45e063c2add94be68e31f3a5efc579aa,360,excluded,excluded_documentation,lux_values,lux_values,lux_values,unknown_file,Local / Project-Supplied (Unverified),,,,,False,,8,,sdr_standard,False,False,,unsupported,Missing stream geometry or frame-rate metadata,Proprietary / Internal,Unverified Local Asset,Internal use only,Non-media documentation file,resource_videos/HUE_Controlled/zebra_L4_G22/lux_values.txt
metadata.json,686d706762c1efc51c4456bb7a081cedf2ed8dad262ad94de3ed4ca5f6ea79c0,34,Domain 4: Sensor / Illumination,sensor_domain,metadata,metadata,metadata,unknown_file,Local / Project-Supplied (Unverified),,,,,False,,8,,sdr_standard,False,False,,unsupported,Missing stream geometry or frame-rate metadata,Proprietary / Internal,Unverified Local Asset,Internal use only,Controlled illumination event-camera sensor dataset; segregated from primary SDR video calibration,resource_videos/HUE_Controlled/zebra_L4_G22/metadata.json
event_camera_params.json,627d502a32815bf77e03e35cb900b310b41a611397df918a892d29a73fd16dd0,744,Domain 4: Sensor / Illumination,sensor_domain,event_camera_params,event_camera_params,event_camera_params,unknown_file,Local / Project-Supplied (Unverified),,,,,False,,8,,sdr_standard,False,False,,unsupported,Missing stream geometry or frame-rate metadata,Proprietary / Internal,Unverified Local Asset,Internal use only,Controlled illumination event-camera sensor dataset; segregated from primary SDR video calibration,resource_videos/HUE_Controlled/zebra_L4_G27/event_camera_params.json
frame_camera_params.xml,d3979bb0a9bdb2feddd8da6d4666eb55ff462eeeb34d7733af2f8db1887ff61c,115095,excluded,excluded_documentation,frame_camera_params,frame_camera_params,frame_camera_params,unknown_file,Local / Project-Supplied (Unverified),,,,,False,,8,,sdr_standard,False,False,,unsupported,Missing stream geometry or frame-rate metadata,Proprietary / Internal,Unverified Local Asset,Internal use only,Non-media documentation file,resource_videos/HUE_Controlled/zebra_L4_G27/frame_camera_params.xml
lux_values.txt,f19e5f2cf877725ab7599292c649c3e5077d5b4cb574c431af7e49f8b3699df1,372,excluded,excluded_documentation,lux_values,lux_values,lux_values,unknown_file,Local / Project-Supplied (Unverified),,,,,False,,8,,sdr_standard,False,False,,unsupported,Missing stream geometry or frame-rate metadata,Proprietary / Internal,Unverified Local Asset,Internal use only,Non-media documentation file,resource_videos/HUE_Controlled/zebra_L4_G27/lux_values.txt
metadata.json,686d706762c1efc51c4456bb7a081cedf2ed8dad262ad94de3ed4ca5f6ea79c0,34,Domain 4: Sensor / Illumination,sensor_domain,metadata,metadata,metadata,unknown_file,Local / Project-Supplied (Unverified),,,,,False,,8,,sdr_standard,False,False,,unsupported,Missing stream geometry or frame-rate metadata,Proprietary / Internal,Unverified Local Asset,Internal use only,Controlled illumination event-camera sensor dataset; segregated from primary SDR video calibration,resource_videos/HUE_Controlled/zebra_L4_G27/metadata.json
event_camera_params.json,627d502a32815bf77e03e35cb900b310b41a611397df918a892d29a73fd16dd0,744,Domain 4: Sensor / Illumination,sensor_domain,event_camera_params,event_camera_params,event_camera_params,unknown_file,Local / Project-Supplied (Unverified),,,,,False,,8,,sdr_standard,False,False,,unsupported,Missing stream geometry or frame-rate metadata,Proprietary / Internal,Unverified Local Asset,Internal use only,Controlled illumination event-camera sensor dataset; segregated from primary SDR video calibration,resource_videos/HUE_Controlled/zebra_L5_G29/event_camera_params.json
frame_camera_params.xml,d2531f8285548a61694192f49f9875096cc5e36ed46cc91c04fe7b7389a8a548,115093,excluded,excluded_documentation,frame_camera_params,frame_camera_params,frame_camera_params,unknown_file,Local / Project-Supplied (Unverified),,,,,False,,8,,sdr_standard,False,False,,unsupported,Missing stream geometry or frame-rate metadata,Proprietary / Internal,Unverified Local Asset,Internal use only,Non-media documentation file,resource_videos/HUE_Controlled/zebra_L5_G29/frame_camera_params.xml
lux_values.txt,34dc6e2bbac932fd63d012416e82cb02ac3af3de435f81fdc74f50a5968a7302,342,excluded,excluded_documentation,lux_values,lux_values,lux_values,unknown_file,Local / Project-Supplied (Unverified),,,,,False,,8,,sdr_standard,False,False,,unsupported,Missing stream geometry or frame-rate metadata,Proprietary / Internal,Unverified Local Asset,Internal use only,Non-media documentation file,resource_videos/HUE_Controlled/zebra_L5_G29/lux_values.txt
metadata.json,686d706762c1efc51c4456bb7a081cedf2ed8dad262ad94de3ed4ca5f6ea79c0,34,Domain 4: Sensor / Illumination,sensor_domain,metadata,metadata,metadata,unknown_file,Local / Project-Supplied (Unverified),,,,,False,,8,,sdr_standard,False,False,,unsupported,Missing stream geometry or frame-rate metadata,Proprietary / Internal,Unverified Local Asset,Internal use only,Controlled illumination event-camera sensor dataset; segregated from primary SDR video calibration,resource_videos/HUE_Controlled/zebra_L5_G29/metadata.json
event_camera_params.json,627d502a32815bf77e03e35cb900b310b41a611397df918a892d29a73fd16dd0,744,Domain 4: Sensor / Illumination,sensor_domain,event_camera_params,event_camera_params,event_camera_params,unknown_file,Local / Project-Supplied (Unverified),,,,,False,,8,,sdr_standard,False,False,,unsupported,Missing stream geometry or frame-rate metadata,Proprietary / Internal,Unverified Local Asset,Internal use only,Controlled illumination event-camera sensor dataset; segregated from primary SDR video calibration,resource_videos/HUE_Controlled/zebra_L5_G34/event_camera_params.json
frame_camera_params.xml,2eff2150302aa95c491c67a0d2bacb45017335d7badb401ba7925fe0da978b68,115093,excluded,excluded_documentation,frame_camera_params,frame_camera_params,frame_camera_params,unknown_file,Local / Project-Supplied (Unverified),,,,,False,,8,,sdr_standard,False,False,,unsupported,Missing stream geometry or frame-rate metadata,Proprietary / Internal,Unverified Local Asset,Internal use only,Non-media documentation file,resource_videos/HUE_Controlled/zebra_L5_G34/frame_camera_params.xml
lux_values.txt,8e368695c3101068504a4c06e6e94429e53bffe2e526ae1958c66e27b1225a02,388,excluded,excluded_documentation,lux_values,lux_values,lux_values,unknown_file,Local / Project-Supplied (Unverified),,,,,False,,8,,sdr_standard,False,False,,unsupported,Missing stream geometry or frame-rate metadata,Proprietary / Internal,Unverified Local Asset,Internal use only,Non-media documentation file,resource_videos/HUE_Controlled/zebra_L5_G34/lux_values.txt
metadata.json,686d706762c1efc51c4456bb7a081cedf2ed8dad262ad94de3ed4ca5f6ea79c0,34,Domain 4: Sensor / Illumination,sensor_domain,metadata,metadata,metadata,unknown_file,Local / Project-Supplied (Unverified),,,,,False,,8,,sdr_standard,False,False,,unsupported,Missing stream geometry or frame-rate metadata,Proprietary / Internal,Unverified Local Asset,Internal use only,Controlled illumination event-camera sensor dataset; segregated from primary SDR video calibration,resource_videos/HUE_Controlled/zebra_L5_G34/metadata.json
event_camera_params.json,627d502a32815bf77e03e35cb900b310b41a611397df918a892d29a73fd16dd0,744,Domain 4: Sensor / Illumination,sensor_domain,event_camera_params,event_camera_params,event_camera_params,unknown_file,Local / Project-Supplied (Unverified),,,,,False,,8,,sdr_standard,False,False,,unsupported,Missing stream geometry or frame-rate metadata,Proprietary / Internal,Unverified Local Asset,Internal use only,Controlled illumination event-camera sensor dataset; segregated from primary SDR video calibration,resource_videos/HUE_Controlled/zebra_L6_G35/event_camera_params.json
frame_camera_params.xml,f1e13e40ad9e78d63328d00bc8f7530ccebe0bce6c47852d4ee0204f9cd176d9,115093,excluded,excluded_documentation,frame_camera_params,frame_camera_params,frame_camera_params,unknown_file,Local / Project-Supplied (Unverified),,,,,False,,8,,sdr_standard,False,False,,unsupported,Missing stream geometry or frame-rate metadata,Proprietary / Internal,Unverified Local Asset,Internal use only,Non-media documentation file,resource_videos/HUE_Controlled/zebra_L6_G35/frame_camera_params.xml
lux_values.txt,110ea0833bd4ba4c12fc121e99df2a9823a57372569af0a545ebb2b495338bcb,292,excluded,excluded_documentation,lux_values,lux_values,lux_values,unknown_file,Local / Project-Supplied (Unverified),,,,,False,,8,,sdr_standard,False,False,,unsupported,Missing stream geometry or frame-rate metadata,Proprietary / Internal,Unverified Local Asset,Internal use only,Non-media documentation file,resource_videos/HUE_Controlled/zebra_L6_G35/lux_values.txt
metadata.json,686d706762c1efc51c4456bb7a081cedf2ed8dad262ad94de3ed4ca5f6ea79c0,34,Domain 4: Sensor / Illumination,sensor_domain,metadata,metadata,metadata,unknown_file,Local / Project-Supplied (Unverified),,,,,False,,8,,sdr_standard,False,False,,unsupported,Missing stream geometry or frame-rate metadata,Proprietary / Internal,Unverified Local Asset,Internal use only,Controlled illumination event-camera sensor dataset; segregated from primary SDR video calibration,resource_videos/HUE_Controlled/zebra_L6_G35/metadata.json
event_camera_params.json,627d502a32815bf77e03e35cb900b310b41a611397df918a892d29a73fd16dd0,744,Domain 4: Sensor / Illumination,sensor_domain,event_camera_params,event_camera_params,event_camera_params,unknown_file,Local / Project-Supplied (Unverified),,,,,False,,8,,sdr_standard,False,False,,unsupported,Missing stream geometry or frame-rate metadata,Proprietary / Internal,Unverified Local Asset,Internal use only,Controlled illumination event-camera sensor dataset; segregated from primary SDR video calibration,resource_videos/HUE_Controlled/zebra_L6_G39/event_camera_params.json
frame_camera_params.xml,9f8519ac2efe12b6a3f6d903ece85f22e2bbd95eee06d9c107090471c9c0bca8,115093,excluded,excluded_documentation,frame_camera_params,frame_camera_params,frame_camera_params,unknown_file,Local / Project-Supplied (Unverified),,,,,False,,8,,sdr_standard,False,False,,unsupported,Missing stream geometry or frame-rate metadata,Proprietary / Internal,Unverified Local Asset,Internal use only,Non-media documentation file,resource_videos/HUE_Controlled/zebra_L6_G39/frame_camera_params.xml
lux_values.txt,f490ff069690be3e668e942ffc479139fe754c64ebac66bd424c178503ab1258,444,excluded,excluded_documentation,lux_values,lux_values,lux_values,unknown_file,Local / Project-Supplied (Unverified),,,,,False,,8,,sdr_standard,False,False,,unsupported,Missing stream geometry or frame-rate metadata,Proprietary / Internal,Unverified Local Asset,Internal use only,Non-media documentation file,resource_videos/HUE_Controlled/zebra_L6_G39/lux_values.txt
metadata.json,686d706762c1efc51c4456bb7a081cedf2ed8dad262ad94de3ed4ca5f6ea79c0,34,Domain 4: Sensor / Illumination,sensor_domain,metadata,metadata,metadata,unknown_file,Local / Project-Supplied (Unverified),,,,,False,,8,,sdr_standard,False,False,,unsupported,Missing stream geometry or frame-rate metadata,Proprietary / Internal,Unverified Local Asset,Internal use only,Controlled illumination event-camera sensor dataset; segregated from primary SDR video calibration,resource_videos/HUE_Controlled/zebra_L6_G39/metadata.json
event_camera_params.json,627d502a32815bf77e03e35cb900b310b41a611397df918a892d29a73fd16dd0,744,Domain 4: Sensor / Illumination,sensor_domain,event_camera_params,event_camera_params,event_camera_params,unknown_file,Local / Project-Supplied (Unverified),,,,,False,,8,,sdr_standard,False,False,,unsupported,Missing stream geometry or frame-rate metadata,Proprietary / Internal,Unverified Local Asset,Internal use only,Controlled illumination event-camera sensor dataset; segregated from primary SDR video calibration,resource_videos/HUE_Controlled/zebra_L7_G42/event_camera_params.json
frame_camera_params.xml,a89339c0ce463eec501317013d091a3be0e5483323768de3ce2da2fe3b5f13c2,115095,excluded,excluded_documentation,frame_camera_params,frame_camera_params,frame_camera_params,unknown_file,Local / Project-Supplied (Unverified),,,,,False,,8,,sdr_standard,False,False,,unsupported,Missing stream geometry or frame-rate metadata,Proprietary / Internal,Unverified Local Asset,Internal use only,Non-media documentation file,resource_videos/HUE_Controlled/zebra_L7_G42/frame_camera_params.xml
lux_values.txt,2b91c25841bfb0f361e06afa4e440f81f604161c2ed6d7576bf3041aa3541a10,368,excluded,excluded_documentation,lux_values,lux_values,lux_values,unknown_file,Local / Project-Supplied (Unverified),,,,,False,,8,,sdr_standard,False,False,,unsupported,Missing stream geometry or frame-rate metadata,Proprietary / Internal,Unverified Local Asset,Internal use only,Non-media documentation file,resource_videos/HUE_Controlled/zebra_L7_G42/lux_values.txt
metadata.json,686d706762c1efc51c4456bb7a081cedf2ed8dad262ad94de3ed4ca5f6ea79c0,34,Domain 4: Sensor / Illumination,sensor_domain,metadata,metadata,metadata,unknown_file,Local / Project-Supplied (Unverified),,,,,False,,8,,sdr_standard,False,False,,unsupported,Missing stream geometry or frame-rate metadata,Proprietary / Internal,Unverified Local Asset,Internal use only,Controlled illumination event-camera sensor dataset; segregated from primary SDR video calibration,resource_videos/HUE_Controlled/zebra_L7_G42/metadata.json
event_camera_params.json,627d502a32815bf77e03e35cb900b310b41a611397df918a892d29a73fd16dd0,744,Domain 4: Sensor / Illumination,sensor_domain,event_camera_params,event_camera_params,event_camera_params,unknown_file,Local / Project-Supplied (Unverified),,,,,False,,8,,sdr_standard,False,False,,unsupported,Missing stream geometry or frame-rate metadata,Proprietary / Internal,Unverified Local Asset,Internal use only,Controlled illumination event-camera sensor dataset; segregated from primary SDR video calibration,resource_videos/HUE_Controlled/zebra_L7_G46/event_camera_params.json
frame_camera_params.xml,f43e7c994f3e2b9bee3dff8094a0209f1c1a09fba2d8074c1327ce1d16206a1b,115093,excluded,excluded_documentation,frame_camera_params,frame_camera_params,frame_camera_params,unknown_file,Local / Project-Supplied (Unverified),,,,,False,,8,,sdr_standard,False,False,,unsupported,Missing stream geometry or frame-rate metadata,Proprietary / Internal,Unverified Local Asset,Internal use only,Non-media documentation file,resource_videos/HUE_Controlled/zebra_L7_G46/frame_camera_params.xml
lux_values.txt,17198a95a0662d67549527d9afdcdd75129e874c66798197bcd0d2fff9507f44,344,excluded,excluded_documentation,lux_values,lux_values,lux_values,unknown_file,Local / Project-Supplied (Unverified),,,,,False,,8,,sdr_standard,False,False,,unsupported,Missing stream geometry or frame-rate metadata,Proprietary / Internal,Unverified Local Asset,Internal use only,Non-media documentation file,resource_videos/HUE_Controlled/zebra_L7_G46/lux_values.txt
metadata.json,686d706762c1efc51c4456bb7a081cedf2ed8dad262ad94de3ed4ca5f6ea79c0,34,Domain 4: Sensor / Illumination,sensor_domain,metadata,metadata,metadata,unknown_file,Local / Project-Supplied (Unverified),,,,,False,,8,,sdr_standard,False,False,,unsupported,Missing stream geometry or frame-rate metadata,Proprietary / Internal,Unverified Local Asset,Internal use only,Controlled illumination event-camera sensor dataset; segregated from primary SDR video calibration,resource_videos/HUE_Controlled/zebra_L7_G46/metadata.json
event_camera_params.json,627d502a32815bf77e03e35cb900b310b41a611397df918a892d29a73fd16dd0,744,Domain 4: Sensor / Illumination,sensor_domain,event_camera_params,event_camera_params,event_camera_params,unknown_file,Local / Project-Supplied (Unverified),,,,,False,,8,,sdr_standard,False,False,,unsupported,Missing stream geometry or frame-rate metadata,Proprietary / Internal,Unverified Local Asset,Internal use only,Controlled illumination event-camera sensor dataset; segregated from primary SDR video calibration,resource_videos/HUE_Controlled/zebra_L8_G48/event_camera_params.json
frame_camera_params.xml,8db33e0a904595f967a7a2fa233bef84b20c812e519ac21d54e0f414ff8bfa27,115093,excluded,excluded_documentation,frame_camera_params,frame_camera_params,frame_camera_params,unknown_file,Local / Project-Supplied (Unverified),,,,,False,,8,,sdr_standard,False,False,,unsupported,Missing stream geometry or frame-rate metadata,Proprietary / Internal,Unverified Local Asset,Internal use only,Non-media documentation file,resource_videos/HUE_Controlled/zebra_L8_G48/frame_camera_params.xml
lux_values.txt,136718406b63a8affbcba629452b8dc7f88d45c06c2a6371eb85f999bd3e3901,356,excluded,excluded_documentation,lux_values,lux_values,lux_values,unknown_file,Local / Project-Supplied (Unverified),,,,,False,,8,,sdr_standard,False,False,,unsupported,Missing stream geometry or frame-rate metadata,Proprietary / Internal,Unverified Local Asset,Internal use only,Non-media documentation file,resource_videos/HUE_Controlled/zebra_L8_G48/lux_values.txt
metadata.json,686d706762c1efc51c4456bb7a081cedf2ed8dad262ad94de3ed4ca5f6ea79c0,34,Domain 4: Sensor / Illumination,sensor_domain,metadata,metadata,metadata,unknown_file,Local / Project-Supplied (Unverified),,,,,False,,8,,sdr_standard,False,False,,unsupported,Missing stream geometry or frame-rate metadata,Proprietary / Internal,Unverified Local Asset,Internal use only,Controlled illumination event-camera sensor dataset; segregated from primary SDR video calibration,resource_videos/HUE_Controlled/zebra_L8_G48/metadata.json
event_camera_params.json,627d502a32815bf77e03e35cb900b310b41a611397df918a892d29a73fd16dd0,744,Domain 4: Sensor / Illumination,sensor_domain,event_camera_params,event_camera_params,event_camera_params,unknown_file,Local / Project-Supplied (Unverified),,,,,False,,8,,sdr_standard,False,False,,unsupported,Missing stream geometry or frame-rate metadata,Proprietary / Internal,Unverified Local Asset,Internal use only,Controlled illumination event-camera sensor dataset; segregated from primary SDR video calibration,resource_videos/HUE_Controlled/zebra_L9_G48/event_camera_params.json
frame_camera_params.xml,d0f3d5ec9f95cb27ff509f6a3b41745f6f6060f467ba5c88f33661172284c62e,115093,excluded,excluded_documentation,frame_camera_params,frame_camera_params,frame_camera_params,unknown_file,Local / Project-Supplied (Unverified),,,,,False,,8,,sdr_standard,False,False,,unsupported,Missing stream geometry or frame-rate metadata,Proprietary / Internal,Unverified Local Asset,Internal use only,Non-media documentation file,resource_videos/HUE_Controlled/zebra_L9_G48/frame_camera_params.xml
lux_values.txt,ecb4438fc810bc729f85790554d22d5c0ffb751e713cbd4dc864b49a942542a3,362,excluded,excluded_documentation,lux_values,lux_values,lux_values,unknown_file,Local / Project-Supplied (Unverified),,,,,False,,8,,sdr_standard,False,False,,unsupported,Missing stream geometry or frame-rate metadata,Proprietary / Internal,Unverified Local Asset,Internal use only,Non-media documentation file,resource_videos/HUE_Controlled/zebra_L9_G48/lux_values.txt
metadata.json,686d706762c1efc51c4456bb7a081cedf2ed8dad262ad94de3ed4ca5f6ea79c0,34,Domain 4: Sensor / Illumination,sensor_domain,metadata,metadata,metadata,unknown_file,Local / Project-Supplied (Unverified),,,,,False,,8,,sdr_standard,False,False,,unsupported,Missing stream geometry or frame-rate metadata,Proprietary / Internal,Unverified Local Asset,Internal use only,Controlled illumination event-camera sensor dataset; segregated from primary SDR video calibration,resource_videos/HUE_Controlled/zebra_L9_G48/metadata.json
IDE.mp4,dcfe9909503dac737c45daf8e39326b6eb4530414902f4f2109a1ee89dd610fc,31953358,Domain 1: Primary SDR,eligible_sdr_primary,ide_editing,ide_1808x1080_60,ide_editing,local_screen_capture,Local / Project-Supplied,1808,1080,60/1,60.0,True,yuv420p,8,47.833,sdr_standard,False,False,vmaf_v1.0.16_hfr_3d0h,compatible,Native 1080p SDR HFR (>=50fps) (60.00 fps) matches official vmaf_v1.0.16_hfr_3d0h model,Proprietary / Internal Research Use Only,VeilFrame Project Local Source,Internal project evaluation only,,resource_videos/IDE.mp4
netflix_chimera_4096x2160_download_instructions.pdf,de4f755745503008fecf45ff447e586f547e0403323169a3ee0dac1cf9c95b68,21494236,excluded,excluded_documentation,netflix_chimera_4096x2160_download_instructions,netflix_chimera_4096x2160_download_instructions,netflix_chimera_4096x2160_download_instructions,unknown_file,Local / Project-Supplied (Unverified),,,,,False,,8,,hdr_general,True,False,,not_applicable,HDR content: outside SDR VMAF v1.0.16 model scope,Proprietary / Internal,Unverified Local Asset,Internal use only,Non-media documentation file,resource_videos/netflix_chimera_4096x2160_download_instructions.pdf
night_drive01.mp4,9faa5a6221613ec5e59288621bac4043d00782d24a11d6a6933f4e17b84355e2,2686111712,Domain 1: Primary SDR,eligible_sdr_primary,night_drive,night_drive01_1080p25,night_drive,local_dashcam_capture,Local / Project-Supplied,1920,1080,25/1,25.0,False,yuv420p,8,1067.096,sdr_bt709,False,False,vmaf_v1.0.16_3d0h,compatible,Native 1080p SDR standard (<50fps) (25.00 fps) matches official vmaf_v1.0.16_3d0h model,Proprietary / Internal Research Use Only,VeilFrame Project Local Source,Internal project evaluation only,,resource_videos/night_drive01.mp4
old_town_cross_1080p50.y4m,6ffe76b98ba0d7a46dd66259591848fd96202f3f95a2659019a5e6be71d8ea89,1555203036,Domain 1: Primary SDR,eligible_sdr_primary,old_town_cross,old_town_cross_1080p50,old_town_cross,source_master_1080p50,SVT High Definition Multi Format Test Set,1920,1080,50/1,50.0,True,yuv420p,8,10.0,sdr_standard,False,False,vmaf_v1.0.16_hfr_3d0h,compatible,Native 1080p SDR HFR (>=50fps) (50.00 fps) matches official vmaf_v1.0.16_hfr_3d0h model,SVT Research Test Set License,SVT Open Test Set Terms,Non-commercial research use only,,resource_videos/old_town_cross_1080p50.y4m
park_joy_1080p50.y4m,fff79a02056bf94ef032394895ffb6354df961e6609693bf98ed77ef00a14886,1555203036,Domain 1: Primary SDR,eligible_sdr_primary,park_joy,park_joy_1080p50,park_joy,downscaled_variant_1080p50,SVT High Definition Multi Format Test Set,1920,1080,50/1,50.0,True,yuv420p,8,10.0,sdr_standard,False,False,vmaf_v1.0.16_hfr_3d0h,compatible,Native 1080p SDR HFR (>=50fps) (50.00 fps) matches official vmaf_v1.0.16_hfr_3d0h model,SVT Research Test Set License,SVT Open Test Set Terms,Non-commercial research use only,,resource_videos/park_joy_1080p50.y4m
park_joy_2160p50.y4m,9dfd89b24f6e8d4c0bb6b24b59b9ea91ba127aaa9bf7d5ae4f583534a137eee6,6220803036,Domain 1: Primary SDR,eligible_sdr_primary,park_joy,park_joy_2160p50,park_joy,source_master_2160p50,SVT High Definition Multi Format Test Set,3840,2160,50/1,50.0,True,yuv420p,8,10.0,sdr_standard,False,False,vmaf_v1.0.16_hfr_1d5h_2160,compatible,Native 2160p UHD SDR HFR (>=50fps) (50.00 fps) matches official vmaf_v1.0.16_hfr_1d5h_2160 model,SVT Research Test Set License,SVT Open Test Set Terms,Non-commercial research use only,,resource_videos/park_joy_2160p50.y4m
park_joy_444_720p50.y4m,eb0be5aa213bdaba6088f4eed0499b3d1800f563bb700d2bb187b67474fbcdd6,1382403040,Domain 2: Secondary / Legacy,secondary_domain,park_joy,park_joy_444_720p50,park_joy,downscaled_variant_720p444,SVT High Definition Multi Format Test Set,1280,720,50/1,50.0,True,yuv444p,8,10.0,sdr_standard,False,False,,secondary_domain,720p resolution: 1080p 3H viewing model not established for native 720p display,SVT Research Test Set License,SVT Open Test Set Terms,Non-commercial research use only,720p resolution: 1080p 3H viewing model not established for native 720p display,resource_videos/park_joy_444_720p50.y4m
pdf_reading.mp4,cc32bab14f11bdd93f4f0cb8fec5c09e1235e3745b6e0f51969fe32158f51456,30191166,Domain 1: Primary SDR,eligible_sdr_primary,pdf_reading,pdf_reading_1080p60,pdf_reading,local_screen_capture,Local / Project-Supplied,1920,1080,60/1,60.0,True,yuv420p,8,49.5,sdr_standard,False,False,vmaf_v1.0.16_hfr_3d0h,compatible,Native 1080p SDR HFR (>=50fps) (60.00 fps) matches official vmaf_v1.0.16_hfr_3d0h model,Proprietary / Internal Research Use Only,VeilFrame Project Local Source,Internal project evaluation only,,resource_videos/pdf_reading.mp4
red_kayak_1080p.y4m,55d597f2951063f80c85f0900c91f36cd84f394c101a4ff03737adf50fd9349d,2363907467,Domain 1: Primary SDR,eligible_sdr_primary,red_kayak,red_kayak_1080p,red_kayak,source_master_1080p,NTIA/ITS HDTV,1920,1080,30000/1001,29.97,False,yuv422p,8,19.019,sdr_standard,False,False,vmaf_v1.0.16_3d0h,compatible,Native 1080p SDR standard (<50fps) (29.97 fps) matches official vmaf_v1.0.16_3d0h model,Public Domain (US Gov) / Research Use Only,NTIA/ITS Public Domain Media Terms,Non-commercial research use only,,resource_videos/red_kayak_1080p.y4m
rush_field_cuts_1080p.y4m,c289e7a3fc598a499b6332884c4a7e94e54ac59ca8371152144e38b7bd7f8aeb,2363907467,Domain 1: Primary SDR,eligible_sdr_primary,rush_field_cuts,rush_field_cuts_1080p,rush_field_cuts,source_master_1080p,NTIA/ITS HDTV,1920,1080,30000/1001,29.97,False,yuv422p,8,19.019,sdr_standard,False,False,vmaf_v1.0.16_3d0h,compatible,Native 1080p SDR standard (<50fps) (29.97 fps) matches official vmaf_v1.0.16_3d0h model,Public Domain (US Gov) / Research Use Only,NTIA/ITS Public Domain Media Terms,Non-commercial research use only,,resource_videos/rush_field_cuts_1080p.y4m
snow_mnt_1080p.y4m,946b1c94df39a4a3dc08a45b464e80b07a9db1f398bdebe7d9308072a22584f8,2363907467,Domain 1: Primary SDR,eligible_sdr_primary,snow_mnt,snow_mnt_1080p,snow_mnt,source_master_1080p,NTIA/ITS HDTV,1920,1080,30000/1001,29.97,False,yuv422p,8,19.019,sdr_standard,False,False,vmaf_v1.0.16_3d0h,compatible,Native 1080p SDR standard (<50fps) (29.97 fps) matches official vmaf_v1.0.16_3d0h model,Public Domain (US Gov) / Research Use Only,NTIA/ITS Public Domain Media Terms,Non-commercial research use only,,resource_videos/snow_mnt_1080p.y4m
ASSETMAP.xml,c46480a6c0ebbb7ca65431be057cf69ae5060e7c52e19c6b7337f88b4017e724,2439,excluded,excluded_documentation,ASSETMAP,ASSETMAP,ASSETMAP,unknown_file,Local / Project-Supplied (Unverified),,,,,False,,8,,sdr_standard,False,False,,unsupported,Missing stream geometry or frame-rate metadata,Proprietary / Internal,Unverified Local Asset,Internal use only,Non-media documentation file,resource_videos/SolLevante_IMF_DolbyVision_PQP3D65_UHD_24fps/ASSETMAP.xml
AUDIO_4467fc2f-2536-44ba-b1f9-010e0ae3f6b1.mxf,de68897892b53833803b3568e0482158d3c81152811657d934556e1b06f9de6d,76034824,excluded,unsupported_format,sol_levante,sol_levante_audio_51_mxf,sol_levante,imf_audio_essence,Netflix Open Content / Sol Levante,,,,,False,,8,263.083333,sdr_standard,False,False,,unsupported,Missing stream geometry or frame-rate metadata,CC BY-NC-ND 4.0,Netflix Sol Levante License Agreement,"Non-commercial use, no derivatives allowed",Missing stream geometry or frame-rate metadata,resource_videos/SolLevante_IMF_DolbyVision_PQP3D65_UHD_24fps/AUDIO_4467fc2f-2536-44ba-b1f9-010e0ae3f6b1.mxf
AUDIO_c2d618d0-b775-47c2-ac45-8eccb9afc40a.mxf,b31a72a0d5ed5e6979bf03dc1518126599c4c095710eef9e31a1bc834a2d943c,227570824,excluded,unsupported_format,sol_levante,sol_levante_audio_atmos_mxf,sol_levante,imf_audio_essence,Netflix Open Content / Sol Levante,,,,,False,,8,263.083333,sdr_standard,False,False,,unsupported,Missing stream geometry or frame-rate metadata,CC BY-NC-ND 4.0,Netflix Sol Levante License Agreement,"Non-commercial use, no derivatives allowed",Missing stream geometry or frame-rate metadata,resource_videos/SolLevante_IMF_DolbyVision_PQP3D65_UHD_24fps/AUDIO_c2d618d0-b775-47c2-ac45-8eccb9afc40a.mxf
CPL_0a207596-a0f5-458a-811e-a97a4286d00c.xml,c3092f9de00858e93894025328aa39d48683cbadbc85f58ea85ae2d63ef9e0f2,21589,excluded,excluded_documentation,CPL_0a207596-a0f5-458a-811e-a97a4286d00c,CPL_0a207596-a0f5-458a-811e-a97a4286d00c,CPL_0a207596-a0f5-458a-811e-a97a4286d00c,unknown_file,Local / Project-Supplied (Unverified),,,,,False,,8,,sdr_standard,False,False,,unsupported,Missing stream geometry or frame-rate metadata,Proprietary / Internal,Unverified Local Asset,Internal use only,Non-media documentation file,resource_videos/SolLevante_IMF_DolbyVision_PQP3D65_UHD_24fps/CPL_0a207596-a0f5-458a-811e-a97a4286d00c.xml
OPL_0a39a10c-d1da-4e53-b32c-1ceab7d94cf0.xml,13c2fe8538379603223af9deea0527f13e0b90ac5420472f64052c7377699392,699,excluded,excluded_documentation,OPL_0a39a10c-d1da-4e53-b32c-1ceab7d94cf0,OPL_0a39a10c-d1da-4e53-b32c-1ceab7d94cf0,OPL_0a39a10c-d1da-4e53-b32c-1ceab7d94cf0,unknown_file,Local / Project-Supplied (Unverified),,,,,False,,8,,sdr_standard,False,False,,unsupported,Missing stream geometry or frame-rate metadata,Proprietary / Internal,Unverified Local Asset,Internal use only,Non-media documentation file,resource_videos/SolLevante_IMF_DolbyVision_PQP3D65_UHD_24fps/OPL_0a39a10c-d1da-4e53-b32c-1ceab7d94cf0.xml
PKL_51e5f3c5-44b3-4001-9c90-9a19087982d3.xml,e4b79de6db8af0de09926afc4d2744930f775f11b6586e3dc0deffdbff7fbcb8,2578,excluded,excluded_documentation,PKL_51e5f3c5-44b3-4001-9c90-9a19087982d3,PKL_51e5f3c5-44b3-4001-9c90-9a19087982d3,PKL_51e5f3c5-44b3-4001-9c90-9a19087982d3,unknown_file,Local / Project-Supplied (Unverified),,,,,False,,8,,sdr_standard,False,False,,unsupported,Missing stream geometry or frame-rate metadata,Proprietary / Internal,Unverified Local Asset,Internal use only,Non-media documentation file,resource_videos/SolLevante_IMF_DolbyVision_PQP3D65_UHD_24fps/PKL_51e5f3c5-44b3-4001-9c90-9a19087982d3.xml
VIDEO_e4da5fcd-5ffc-4713-bcdd-95ea579d790b.mxf,52a4cd1dc7c3080c634897be9191561ffed3b9447e9a878f30d355ed19381637,18521903620,Domain 3: HDR / WCG,not_applicable_hdr,sol_levante,sol_levante_uhd_24fps_p3_pq_dovi_mxf,sol_levante,imf_video_essence,Netflix Open Content / Sol Levante,3840,2160,24/1,24.0,False,rgb48le,12,263.083333,hdr_pq,True,False,,not_applicable,HDR content: outside SDR VMAF v1.0.16 model scope,Creative Commons Attribution-NonCommercial-NoDerivatives 4.0 (CC BY-NC-ND 4.0),Netflix Sol Levante License Agreement,"Non-commercial use, no derivatives allowed",High Dynamic Range / Wide Color Gamut asset; segregated from SDR calibration,resource_videos/SolLevante_IMF_DolbyVision_PQP3D65_UHD_24fps/VIDEO_e4da5fcd-5ffc-4713-bcdd-95ea579d790b.mxf
VOLINDEX.xml,e249925bdc27b5b31d791f27c258326cb66e54ea88c0ad5be72587a1d4f3ac33,140,excluded,excluded_documentation,VOLINDEX,VOLINDEX,VOLINDEX,unknown_file,Local / Project-Supplied (Unverified),,,,,False,,8,,sdr_standard,False,False,,unsupported,Missing stream geometry or frame-rate metadata,Proprietary / Internal,Unverified Local Asset,Internal use only,Non-media documentation file,resource_videos/SolLevante_IMF_DolbyVision_PQP3D65_UHD_24fps/VOLINDEX.xml
speed_bag_1080p.y4m,1a5258de75910f5392867b1b681d8f23c00a22361c98b3cc8ebfb896e341d253,2363907467,Domain 1: Primary SDR,eligible_sdr_primary,speed_bag,speed_bag_1080p,speed_bag,source_master_1080p,NTIA/ITS HDTV,1920,1080,30000/1001,29.97,False,yuv422p,8,19.019,sdr_standard,False,False,vmaf_v1.0.16_3d0h,compatible,Native 1080p SDR standard (<50fps) (29.97 fps) matches official vmaf_v1.0.16_3d0h model,Public Domain (US Gov) / Research Use Only,NTIA/ITS Public Domain Media Terms,Non-commercial research use only,,resource_videos/speed_bag_1080p.y4m
tractor_1080p25.y4m,13ff3baa08f11d407a36bc90894c6fcb4668dcc11d16b3924ca94d6330ac201f,2146180176,Domain 1: Primary SDR,eligible_sdr_primary,tractor,tractor_1080p25,tractor,source_master_1080p25,Xiph/DERF Classic,1920,1080,25/1,25.0,False,yuv420p,8,27.6,sdr_standard,False,False,vmaf_v1.0.16_3d0h,compatible,Native 1080p SDR standard (<50fps) (25.00 fps) matches official vmaf_v1.0.16_3d0h model,Creative Commons / Public Domain,Xiph.org Media Repository,Public research use,,resource_videos/tractor_1080p25.y4m
zebra_L10_G48 [PNG Image Sequence],N/A (Multi-file image sequence directory),521492863,Domain 4: Sensor / Illumination,sensor_domain,hue_controlled,zebra_L10_G48,hue_controlled,sensor_image_sequence,HUE_Controlled Sensor Dataset,1280,720,30/1,30.0,False,rgb24,8,7.13,sdr_srgb,False,False,,not_applicable,Raw image sequence sensor condition; see converted MP4 videos in Domain 4,Research Dataset License,Event Camera Research Terms,Research evaluation only,Raw image sequence sensor condition; see converted MP4 videos in Domain 4,resource_videos/HUE_Controlled/zebra_L10_G48
zebra_L1_G10 [PNG Image Sequence],N/A (Multi-file image sequence directory),331153204,Domain 4: Sensor / Illumination,sensor_domain,hue_controlled,zebra_L1_G10,hue_controlled,sensor_image_sequence,HUE_Controlled Sensor Dataset,1280,720,30/1,30.0,False,rgb24,8,6.0,sdr_srgb,False,False,,not_applicable,Raw image sequence sensor condition; see converted MP4 videos in Domain 4,Research Dataset License,Event Camera Research Terms,Research evaluation only,Raw image sequence sensor condition; see converted MP4 videos in Domain 4,resource_videos/HUE_Controlled/zebra_L1_G10
zebra_L1_G6 [PNG Image Sequence],N/A (Multi-file image sequence directory),419338124,Domain 4: Sensor / Illumination,sensor_domain,hue_controlled,zebra_L1_G6,hue_controlled,sensor_image_sequence,HUE_Controlled Sensor Dataset,1280,720,30/1,30.0,False,rgb24,8,8.9,sdr_srgb,False,False,,not_applicable,Raw image sequence sensor condition; see converted MP4 videos in Domain 4,Research Dataset License,Event Camera Research Terms,Research evaluation only,Raw image sequence sensor condition; see converted MP4 videos in Domain 4,resource_videos/HUE_Controlled/zebra_L1_G6
zebra_L2_G12 [PNG Image Sequence],N/A (Multi-file image sequence directory),304054258,Domain 4: Sensor / Illumination,sensor_domain,hue_controlled,zebra_L2_G12,hue_controlled,sensor_image_sequence,HUE_Controlled Sensor Dataset,1280,720,30/1,30.0,False,rgb24,8,5.9,sdr_srgb,False,False,,not_applicable,Raw image sequence sensor condition; see converted MP4 videos in Domain 4,Research Dataset License,Event Camera Research Terms,Research evaluation only,Raw image sequence sensor condition; see converted MP4 videos in Domain 4,resource_videos/HUE_Controlled/zebra_L2_G12
zebra_L2_G16 [PNG Image Sequence],N/A (Multi-file image sequence directory),515235463,Domain 4: Sensor / Illumination,sensor_domain,hue_controlled,zebra_L2_G16,hue_controlled,sensor_image_sequence,HUE_Controlled Sensor Dataset,1280,720,30/1,30.0,False,rgb24,8,8.57,sdr_srgb,False,False,,not_applicable,Raw image sequence sensor condition; see converted MP4 videos in Domain 4,Research Dataset License,Event Camera Research Terms,Research evaluation only,Raw image sequence sensor condition; see converted MP4 videos in Domain 4,resource_videos/HUE_Controlled/zebra_L2_G16
zebra_L3_G19 [PNG Image Sequence],N/A (Multi-file image sequence directory),294487384,Domain 4: Sensor / Illumination,sensor_domain,hue_controlled,zebra_L3_G19,hue_controlled,sensor_image_sequence,HUE_Controlled Sensor Dataset,1280,720,30/1,30.0,False,rgb24,8,4.97,sdr_srgb,False,False,,not_applicable,Raw image sequence sensor condition; see converted MP4 videos in Domain 4,Research Dataset License,Event Camera Research Terms,Research evaluation only,Raw image sequence sensor condition; see converted MP4 videos in Domain 4,resource_videos/HUE_Controlled/zebra_L3_G19
zebra_L3_G23 [PNG Image Sequence],N/A (Multi-file image sequence directory),435699211,Domain 4: Sensor / Illumination,sensor_domain,hue_controlled,zebra_L3_G23,hue_controlled,sensor_image_sequence,HUE_Controlled Sensor Dataset,1280,720,30/1,30.0,False,rgb24,8,6.4,sdr_srgb,False,False,,not_applicable,Raw image sequence sensor condition; see converted MP4 videos in Domain 4,Research Dataset License,Event Camera Research Terms,Research evaluation only,Raw image sequence sensor condition; see converted MP4 videos in Domain 4,resource_videos/HUE_Controlled/zebra_L3_G23
zebra_L4_G22 [PNG Image Sequence],N/A (Multi-file image sequence directory),365157104,Domain 4: Sensor / Illumination,sensor_domain,hue_controlled,zebra_L4_G22,hue_controlled,sensor_image_sequence,HUE_Controlled Sensor Dataset,1280,720,30/1,30.0,False,rgb24,8,6.0,sdr_srgb,False,False,,not_applicable,Raw image sequence sensor condition; see converted MP4 videos in Domain 4,Research Dataset License,Event Camera Research Terms,Research evaluation only,Raw image sequence sensor condition; see converted MP4 videos in Domain 4,resource_videos/HUE_Controlled/zebra_L4_G22
zebra_L4_G27 [PNG Image Sequence],N/A (Multi-file image sequence directory),447343984,Domain 4: Sensor / Illumination,sensor_domain,hue_controlled,zebra_L4_G27,hue_controlled,sensor_image_sequence,HUE_Controlled Sensor Dataset,1280,720,30/1,30.0,False,rgb24,8,6.2,sdr_srgb,False,False,,not_applicable,Raw image sequence sensor condition; see converted MP4 videos in Domain 4,Research Dataset License,Event Camera Research Terms,Research evaluation only,Raw image sequence sensor condition; see converted MP4 videos in Domain 4,resource_videos/HUE_Controlled/zebra_L4_G27
zebra_L5_G29 [PNG Image Sequence],N/A (Multi-file image sequence directory),396964735,Domain 4: Sensor / Illumination,sensor_domain,hue_controlled,zebra_L5_G29,hue_controlled,sensor_image_sequence,HUE_Controlled Sensor Dataset,1280,720,30/1,30.0,False,rgb24,8,5.7,sdr_srgb,False,False,,not_applicable,Raw image sequence sensor condition; see converted MP4 videos in Domain 4,Research Dataset License,Event Camera Research Terms,Research evaluation only,Raw image sequence sensor condition; see converted MP4 videos in Domain 4,resource_videos/HUE_Controlled/zebra_L5_G29
zebra_L5_G34 [PNG Image Sequence],N/A (Multi-file image sequence directory),521583544,Domain 4: Sensor / Illumination,sensor_domain,hue_controlled,zebra_L5_G34,hue_controlled,sensor_image_sequence,HUE_Controlled Sensor Dataset,1280,720,30/1,30.0,False,rgb24,8,6.47,sdr_srgb,False,False,,not_applicable,Raw image sequence sensor condition; see converted MP4 videos in Domain 4,Research Dataset License,Event Camera Research Terms,Research evaluation only,Raw image sequence sensor condition; see converted MP4 videos in Domain 4,resource_videos/HUE_Controlled/zebra_L5_G34
zebra_L6_G35 [PNG Image Sequence],N/A (Multi-file image sequence directory),377178162,Domain 4: Sensor / Illumination,sensor_domain,hue_controlled,zebra_L6_G35,hue_controlled,sensor_image_sequence,HUE_Controlled Sensor Dataset,1280,720,30/1,30.0,False,rgb24,8,4.87,sdr_srgb,False,False,,not_applicable,Raw image sequence sensor condition; see converted MP4 videos in Domain 4,Research Dataset License,Event Camera Research Terms,Research evaluation only,Raw image sequence sensor condition; see converted MP4 videos in Domain 4,resource_videos/HUE_Controlled/zebra_L6_G35
zebra_L6_G39 [PNG Image Sequence],N/A (Multi-file image sequence directory),636922926,Domain 4: Sensor / Illumination,sensor_domain,hue_controlled,zebra_L6_G39,hue_controlled,sensor_image_sequence,HUE_Controlled Sensor Dataset,1280,720,30/1,30.0,False,rgb24,8,7.4,sdr_srgb,False,False,,not_applicable,Raw image sequence sensor condition; see converted MP4 videos in Domain 4,Research Dataset License,Event Camera Research Terms,Research evaluation only,Raw image sequence sensor condition; see converted MP4 videos in Domain 4,resource_videos/HUE_Controlled/zebra_L6_G39
zebra_L7_G42 [PNG Image Sequence],N/A (Multi-file image sequence directory),519878621,Domain 4: Sensor / Illumination,sensor_domain,hue_controlled,zebra_L7_G42,hue_controlled,sensor_image_sequence,HUE_Controlled Sensor Dataset,1280,720,30/1,30.0,False,rgb24,8,6.13,sdr_srgb,False,False,,not_applicable,Raw image sequence sensor condition; see converted MP4 videos in Domain 4,Research Dataset License,Event Camera Research Terms,Research evaluation only,Raw image sequence sensor condition; see converted MP4 videos in Domain 4,resource_videos/HUE_Controlled/zebra_L7_G42
zebra_L7_G46 [PNG Image Sequence],N/A (Multi-file image sequence directory),531921610,Domain 4: Sensor / Illumination,sensor_domain,hue_controlled,zebra_L7_G46,hue_controlled,sensor_image_sequence,HUE_Controlled Sensor Dataset,1280,720,30/1,30.0,False,rgb24,8,5.73,sdr_srgb,False,False,,not_applicable,Raw image sequence sensor condition; see converted MP4 videos in Domain 4,Research Dataset License,Event Camera Research Terms,Research evaluation only,Raw image sequence sensor condition; see converted MP4 videos in Domain 4,resource_videos/HUE_Controlled/zebra_L7_G46
zebra_L8_G48 [PNG Image Sequence],N/A (Multi-file image sequence directory),464712367,Domain 4: Sensor / Illumination,sensor_domain,hue_controlled,zebra_L8_G48,hue_controlled,sensor_image_sequence,HUE_Controlled Sensor Dataset,1280,720,30/1,30.0,False,rgb24,8,5.47,sdr_srgb,False,False,,not_applicable,Raw image sequence sensor condition; see converted MP4 videos in Domain 4,Research Dataset License,Event Camera Research Terms,Research evaluation only,Raw image sequence sensor condition; see converted MP4 videos in Domain 4,resource_videos/HUE_Controlled/zebra_L8_G48
zebra_L9_G48 [PNG Image Sequence],N/A (Multi-file image sequence directory),429290163,Domain 4: Sensor / Illumination,sensor_domain,hue_controlled,zebra_L9_G48,hue_controlled,sensor_image_sequence,HUE_Controlled Sensor Dataset,1280,720,30/1,30.0,False,rgb24,8,5.47,sdr_srgb,False,False,,not_applicable,Raw image sequence sensor condition; see converted MP4 videos in Domain 4,Research Dataset License,Event Camera Research Terms,Research evaluation only,Raw image sequence sensor condition; see converted MP4 videos in Domain 4,resource_videos/HUE_Controlled/zebra_L9_G48
